{"cameraMode":{"drawMode":0,"name":"Shaded","section":"Shading Mode"},"sceneLighting":true,"audioPlay":false,"sceneViewState":{"m_AlwaysRefresh":false,"showFog":true,"showSkybox":true,"showFlares":true,"showImageEffects":true,"showParticleSystems":true,"showVisualEffectGraphs":true,"m_FxEnabled":true},"in2DMode":false,"pivot":{"x":60.51873779296875,"y":12.083786964416504,"z":14.25078010559082},"rotation":{"x":0.006954819895327091,"y":-0.9136322140693665,"z":0.02583504468202591,"w":0.40823692083358767},"size":1.2124338150024415,"orthographic":false}