{"cameraMode":{"drawMode":0,"name":"Shaded","section":"Shading Mode"},"sceneLighting":true,"audioPlay":false,"sceneViewState":{"m_AlwaysRefresh":false,"showFog":true,"showSkybox":true,"showFlares":true,"showImageEffects":true,"showParticleSystems":true,"showVisualEffectGraphs":true,"m_FxEnabled":true},"in2DMode":false,"pivot":{"x":4.528833389282227,"y":12.740236282348633,"z":-84.14217376708985},"rotation":{"x":0.2853914499282837,"y":-0.7096127271652222,"z":0.46692636609077456,"w":0.44604068994522097},"size":1.2124338150024415,"orthographic":false}